Date,AMZN.Open,AMZN.High,AMZN.Low,AMZN.Close,Volume,RSI,RSIU,RSIL,MACD,MACDSig,MACDHist
1/2/2020,1875.0,1898.01,1864.15,1898.01,4035976.0,0.0,70.0,30.0,0.0,0.0,0.0
1/3/2020,1864.5,1886.2,1864.5,1874.97,3766604.0,0.0,70.0,30.0,0.0,0.0,0.0
1/6/2020,1860.0,1903.69,1860.0,1902.88,4066751.0,0.0,70.0,30.0,0.0,0.0,0.0
1/7/2020,1904.5,1913.89,1892.04,1906.86,4134020.0,0.0,70.0,30.0,0.0,0.0,0.0
1/8/2020,1898.04,1911.0,1886.44,1891.97,3511982.0,0.0,70.0,30.0,0.0,0.0,0.0
1/9/2020,1909.89,1917.82,1895.8,1901.05,3174964.0,0.0,70.0,30.0,0.0,0.0,0.0
1/10/2020,1905.37,1906.94,1880.0,1883.16,2861319.0,0.0,70.0,30.0,0.0,0.0,0.0
1/13/2020,1891.31,1898.0,1880.8,1891.3,2785904.0,0.0,70.0,30.0,0.0,0.0,0.0
1/14/2020,1885.88,1887.11,1858.55,1869.44,3446425.0,0.0,70.0,30.0,0.0,0.0,0.0
1/15/2020,1872.25,1878.86,1855.09,1862.02,2896594.0,0.0,70.0,30.0,0.0,0.0,0.0
1/16/2020,1882.99,1885.59,1866.02,1877.94,2659615.0,0.0,70.0,30.0,0.0,0.0,0.0
1/17/2020,1885.89,1886.64,1857.25,1864.72,3997352.0,0.0,70.0,30.0,0.0,0.0,0.0
1/21/2020,1865.0,1894.27,1860.0,1892.0,3707827.0,0.0,70.0,30.0,0.0,0.0,0.0
1/22/2020,1896.09,1902.5,1883.34,1887.46,3216269.0,0.0,70.0,30.0,0.0,0.0,0.0
1/23/2020,1885.11,1889.97,1872.76,1884.58,2484706.0,46.61,70.0,30.0,0.0,0.0,0.0
1/24/2020,1891.37,1894.99,1847.44,1861.64,3766199.0,46.63,70.0,30.0,0.0,0.0,0.0
1/27/2020,1820.0,1841.0,1815.34,1828.34,3528562.0,31.67,70.0,30.0,0.0,0.0,0.0
1/28/2020,1840.5,1858.11,1830.02,1853.25,2808044.0,38.05,70.0,30.0,0.0,0.0,0.0
1/29/2020,1864.0,1874.75,1855.02,1858.0,2101507.0,42.07,70.0,30.0,0.0,0.0,0.0
1/30/2020,1858.0,1872.87,1850.61,1870.68,6327458.0,43.03,70.0,30.0,0.0,0.0,0.0
1/31/2020,2051.47,2055.72,2002.27,2008.72,15578864.0,68.58,70.0,30.0,0.0,0.0,0.0
2/3/2020,2010.6,2048.5,2000.25,2004.2,5899281.0,66.89,70.0,30.0,0.0,0.0,0.0
2/4/2020,2029.88,2059.8,2015.37,2049.67,5292606.0,75.18,70.0,30.0,0.0,0.0,0.0
2/5/2020,2071.02,2071.02,2032.0,2039.87,4376301.0,74.68,70.0,30.0,0.0,0.0,0.0
2/6/2020,2041.02,2056.3,2024.8,2050.23,3182954.0,74.29,70.0,30.0,0.0,0.0,0.0
2/7/2020,2041.99,2098.53,2038.1,2079.28,5095576.0,78.95,70.0,30.0,0.0,0.0,0.0
2/10/2020,2085.01,2135.6,2084.96,2133.91,5056425.0,80.4,70.0,30.0,64.5,0.0,0.0
2/11/2020,2150.9,2185.95,2136.0,2150.8,5749397.0,82.1,70.0,30.0,71.42,0.0,0.0
2/12/2020,2163.2,2180.25,2155.29,2160.0,3334269.0,83.06,70.0,30.0,76.76,0.0,0.0
2/13/2020,2144.99,2170.28,2142.0,2149.87,3031807.0,85.7,70.0,30.0,79.26,0.0,0.0
2/14/2020,2155.68,2159.04,2125.89,2134.87,2606171.0,89.76,70.0,30.0,79.12,0.0,0.0
2/18/2020,2125.02,2166.07,2124.11,2155.67,2997864.0,89.65,70.0,30.0,79.76,0.0,0.0
2/19/2020,2167.8,2185.1,2161.12,2170.22,2561211.0,89.91,70.0,30.0,80.52,0.0,0.0
2/20/2020,2173.07,2176.79,2127.45,2153.13,3131346.0,85.71,70.0,30.0,78.84,0.0,0.0
2/21/2020,2142.15,2144.55,2088.0,2095.97,4650785.0,63.86,70.0,30.0,72.06,14.41,57.65
2/24/2020,2003.18,2039.3,1987.97,2009.29,6547120.0,50.64,70.0,30.0,59.01,23.33,35.68
2/25/2020,2026.42,2034.6,1958.42,1972.74,6321915.0,40.08,70.0,30.0,45.2,27.7,17.5
2/26/2020,1970.28,2014.67,1960.45,1979.59,5240726.0,42.17,70.0,30.0,34.41,29.05,5.36
2/27/2020,1934.38,1975.0,1882.76,1884.3,8204372.0,32.34,70.0,30.0,17.96,26.83,-8.87
2/28/2020,1814.63,1889.76,1811.13,1883.75,9497307.0,27.85,70.0,30.0,4.83,22.43,-17.6
3/2/2020,1906.49,1954.51,1870.0,1953.95,6761459.0,30.31,70.0,30.0,0.09,17.96,-17.87
3/3/2020,1975.37,1996.33,1888.09,1908.99,7534631.0,25.07,70.0,30.0,-7.22,12.92,-20.14
3/4/2020,1946.57,1978.0,1922.0,1975.83,4807020.0,33.03,70.0,30.0,-7.53,8.83,-16.36
3/5/2020,1933.0,1960.72,1910.0,1924.03,4748783.0,30.67,70.0,30.0,-11.82,4.7,-16.52
3/6/2020,1875.0,1910.87,1869.5,1900.3,5273615.0,30.22,70.0,30.0,-16.94,0.38,-17.32
3/9/2020,1773.86,1862.77,1761.29,1800.61,7813342.0,23.58,70.0,30.0,-28.71,-5.44,-23.27
3/10/2020,1870.88,1894.27,1818.17,1891.82,7165316.0,31.41,70.0,30.0,-30.32,-10.42,-19.9
3/11/2020,1857.85,1871.32,1801.5,1820.86,5646892.0,29.3,70.0,30.0,-36.91,-15.72,-21.19
3/12/2020,1721.98,1765.0,1675.0,1675.61,11357359.0,26.4,70.0,30.0,-53.23,-23.22,-30.01
3/13/2020,1755.0,1786.31,1680.62,1785.0,8811777.0,37.72,70.0,30.0,-56.69,-29.91,-26.78
3/16/2020,1641.51,1759.45,1626.03,1689.15,8936577.0,35.42,70.0,30.0,-66.4,-37.21,-29.19
3/17/2020,1775.47,1857.78,1689.24,1807.84,10917398.0,42.08,70.0,30.0,-63.78,-42.52,-21.26
3/18/2020,1750.0,1841.66,1745.0,1831.66,9645483.0,47.4,70.0,30.0,-59.1,-45.84,-13.26
3/19/2020,1860.0,1945.0,1832.65,1880.93,10400220.0,49.87,70.0,30.0,-50.83,-46.84,-3.99
3/20/2020,1926.31,1957.0,1820.73,1846.09,9817858.0,44.75,70.0,30.0,-46.55,-46.78,0.23
3/23/2020,1827.75,1919.4,1812.0,1902.83,7808494.0,49.7,70.0,30.0,-38.14,-45.05,6.91
3/24/2020,1951.49,1955.0,1900.34,1940.1,7147083.0,48.23,70.0,30.0,-28.14,-41.67,13.53
3/25/2020,1923.35,1950.26,1885.78,1885.84,6479138.0,48.11,70.0,30.0,-24.32,-38.2,13.88
3/26/2020,1902.0,1956.49,1889.29,1955.49,6235121.0,52.61,70.0,30.0,-15.49,-33.66,18.17
3/27/2020,1930.86,1939.79,1899.92,1900.1,5388341.0,54.91,70.0,30.0,-12.82,-29.49,16.67
3/30/2020,1922.83,1973.63,1912.34,1963.95,6126339.0,53.66,70.0,30.0,-5.48,-24.69,19.21
3/31/2020,1964.35,1993.02,1944.01,1949.72,5123759.0,56.94,70.0,30.0,-0.8,-19.91,19.11
4/1/2020,1932.97,1944.96,1893.0,1907.7,4122195.0,64.06,70.0,30.0,-0.49,-16.03,15.54
4/2/2020,1901.64,1927.53,1890.0,1918.83,4336003.0,59.2,70.0,30.0,0.66,-12.69,13.35
4/3/2020,1911.15,1926.33,1889.15,1906.59,3609870.0,66.9,70.0,30.0,0.57,-10.04,10.61
4/6/2020,1936.0,1998.52,1930.02,1997.59,5773193.0,65.41,70.0,30.0,7.75,-6.48,14.23
4/7/2020,2017.11,2035.72,1997.62,2011.6,5114594.0,64.85,70.0,30.0,14.41,-2.3,16.71
4/8/2020,2021.0,2044.0,2011.15,2043.0,3977313.0,63.78,70.0,30.0,21.97,2.55,19.42
4/9/2020,2044.3,2053.0,2017.66,2042.76,4655757.0,67.77,70.0,30.0,27.62,7.57,20.05
4/13/2020,2040.0,2180.0,2038.0,2168.87,6716714.0,71.36,70.0,30.0,41.79,14.41,27.38
4/14/2020,2200.47,2292.0,2186.21,2283.32,8088651.0,74.52,70.0,30.0,61.55,23.84,37.71
4/15/2020,2257.68,2333.37,2245.0,2307.68,6866570.0,81.48,70.0,30.0,78.27,34.73,43.54
4/16/2020,2346.0,2461.0,2335.0,2408.19,12038226.0,82.29,70.0,30.0,98.5,47.48,51.02
4/17/2020,2372.33,2400.0,2316.02,2375.0,7930128.0,84.98,70.0,30.0,110.58,60.1,50.48
4/20/2020,2389.95,2444.98,2386.05,2393.61,5770818.0,83.91,70.0,30.0,120.26,72.13,48.13
4/21/2020,2416.61,2428.31,2279.66,2328.12,7476696.0,77.63,70.0,30.0,121.26,81.96,39.3
4/22/2020,2369.0,2394.0,2351.0,2363.49,4218300.0,83.61,70.0,30.0,123.48,90.26,33.22
4/23/2020,2399.98,2424.22,2382.08,2399.45,5066591.0,84.19,70.0,30.0,126.68,97.54,29.14
4/24/2020,2417.0,2420.43,2382.0,2410.22,3831803.0,85.9,70.0,30.0,128.6,103.75,24.85
4/27/2020,2443.2,2444.88,2363.0,2376.0,5645665.0,79.35,70.0,30.0,125.91,108.19,17.72
4/28/2020,2372.1,2373.5,2306.0,2314.08,5269453.0,71.84,70.0,30.0,117.43,110.03,7.4
4/29/2020,2330.01,2391.89,2310.0,2372.71,4591613.0,72.9,70.0,30.0,114.12,110.85,3.27
4/30/2020,2419.84,2475.0,2396.01,2474.0,9534633.0,76.27,70.0,30.0,118.31,112.34,5.97
5/1/2020,2336.8,2362.44,2258.19,2286.04,9773789.0,56.64,70.0,30.0,105.25,110.92,-5.67
5/4/2020,2256.38,2326.98,2256.38,2315.99,4865965.0,52.05,70.0,30.0,96.21,107.98,-11.77
5/5/2020,2340.0,2351.0,2307.13,2317.8,3242506.0,50.65,70.0,30.0,88.17,104.02,-15.85
5/6/2020,2329.44,2357.45,2320.0,2351.26,3117819.0,45.98,70.0,30.0,83.54,99.92,-16.38
5/7/2020,2374.78,2376.0,2343.11,2367.61,3396418.0,49.47,70.0,30.0,80.26,95.99,-15.73
5/8/2020,2372.14,2387.24,2357.0,2379.61,3211258.0,48.98,70.0,30.0,77.74,92.34,-14.6
5/11/2020,2374.71,2419.66,2372.11,2409.0,3259284.0,56.23,70.0,30.0,77.22,89.32,-12.1
5/12/2020,2411.99,2419.0,2355.0,2356.95,3074917.0,49.51,70.0,30.0,71.78,85.81,-14.03
5/13/2020,2366.8,2407.7,2337.8,2367.92,4782996.0,47.54,70.0,30.0,67.58,82.16,-14.58
5/14/2020,2361.01,2391.37,2353.21,2388.85,3648128.0,48.36,70.0,30.0,65.18,78.77,-13.59
5/15/2020,2368.52,2411.0,2356.37,2409.78,4235596.0,52.65,70.0,30.0,64.23,75.86,-11.63
5/18/2020,2404.35,2433.0,2384.01,2426.26,4367022.0,59.47,70.0,30.0,64.07,73.5,-9.43
5/19/2020,2429.83,2484.99,2428.97,2449.33,4320498.0,56.88,70.0,30.0,65.06,71.81,-6.75
5/20/2020,2477.87,2500.01,2467.27,2497.94,3998149.0,52.38,70.0,30.0,68.96,71.24,-2.28
5/21/2020,2500.0,2525.45,2442.54,2446.74,5122111.0,71.88,70.0,30.0,67.15,70.42,-3.27
5/22/2020,2455.01,2469.85,2430.13,2436.88,2867079.0,67.41,70.0,30.0,64.18,69.18,-5.0
5/26/2020,2458.0,2462.0,2414.06,2421.86,3568153.0,64.44,70.0,30.0,59.93,67.33,-7.4
5/27/2020,2404.99,2413.58,2330.0,2410.39,5057146.0,58.74,70.0,30.0,55.0,64.86,-9.86
5/28/2020,2384.33,2436.97,2378.23,2401.1,3193136.0,55.05,70.0,30.0,49.76,61.84,-12.08
5/29/2020,2415.94,2442.37,2398.2,2442.37,3537578.0,58.7,70.0,30.0,48.39,59.15,-10.76
6/1/2020,2448.0,2476.93,2444.17,2471.04,2938038.0,58.62,70.0,30.0,49.05,57.13,-8.08
6/2/2020,2467.0,2473.53,2445.31,2472.41,2532153.0,68.67,70.0,30.0,49.12,55.53,-6.41
6/3/2020,2468.01,2488.0,2461.17,2478.4,2671024.0,68.16,70.0,30.0,49.09,54.24,-5.15
6/4/2020,2477.43,2507.54,2450.01,2460.6,3178515.0,61.92,70.0,30.0,47.08,52.81,-5.73
6/5/2020,2444.51,2488.64,2437.13,2483.0,3306488.0,62.1,70.0,30.0,46.76,51.6,-4.84
6/8/2020,2500.2,2530.0,2487.34,2524.06,3970674.0,64.95,70.0,30.0,49.26,51.13,-1.87
6/9/2020,2529.44,2626.43,2525.0,2600.86,5176003.0,69.9,70.0,30.0,56.78,52.26,4.52
6/10/2020,2645.0,2722.35,2626.26,2647.45,4946044.0,69.74,70.0,30.0,65.74,54.96,10.78
6/11/2020,2603.5,2671.38,2536.23,2557.96,5801858.0,63.33,70.0,30.0,64.87,56.94,7.93
6/12/2020,2601.21,2621.48,2503.35,2545.02,5436132.0,62.87,70.0,30.0,62.42,58.03,4.39
6/15/2020,2526.6,2584.0,2508.0,2572.68,3873565.0,67.42,70.0,30.0,61.99,58.82,3.17
6/16/2020,2620.0,2620.0,2576.0,2615.27,3595753.0,72.08,70.0,30.0,64.35,59.93,4.42
6/17/2020,2647.5,2655.0,2631.82,2640.98,2959317.0,74.97,70.0,30.0,67.51,61.45,6.06
6/18/2020,2647.01,2659.64,2636.11,2653.98,2487778.0,73.4,70.0,30.0,70.26,63.21,7.05
6/19/2020,2678.08,2697.43,2659.0,2675.01,5777382.0,72.95,70.0,30.0,73.29,65.23,8.06
6/22/2020,2684.5,2715.0,2669.0,2713.82,3208789.0,75.05,70.0,30.0,77.92,67.76,10.16
6/23/2020,2726.02,2783.11,2718.04,2764.41,4231717.0,77.16,70.0,30.0,84.7,71.15,13.55
6/24/2020,2780.0,2796.0,2721.0,2734.4,4556987.0,75.41,70.0,30.0,86.65,74.25,12.4
6/25/2020,2739.55,2756.23,2712.14,2754.58,2968767.0,75.31,70.0,30.0,88.8,77.16,11.64
6/26/2020,2775.06,2782.57,2688.0,2692.87,6520887.0,65.15,70.0,30.0,84.56,78.64,5.92
6/29/2020,2690.01,2696.8,2630.08,2680.38,4223422.0,58.07,70.0,30.0,79.27,78.77,0.5
6/30/2020,2685.07,2769.63,2675.03,2758.82,3769699.0,60.61,70.0,30.0,80.48,79.11,1.37
7/1/2020,2757.99,2895.0,2754.0,2878.7,6364355.0,78.89,70.0,30.0,90.07,81.3,8.77
7/2/2020,2912.01,2955.56,2871.1,2890.3,6593387.0,81.18,70.0,30.0,97.49,84.54,12.95
7/6/2020,2934.97,3059.88,2930.0,3057.04,6880652.0,84.96,70.0,30.0,115.49,90.73,24.76
7/7/2020,3058.55,3069.55,2990.0,3000.12,5257687.0,77.21,70.0,30.0,123.73,97.33,26.4
7/8/2020,3022.61,3083.97,3012.43,3081.11,5037784.0,78.87,70.0,30.0,135.24,104.91,30.33
7/9/2020,3115.99,3193.88,3074.0,3182.63,6388661.0,81.06,70.0,30.0,150.82,114.09,36.73
7/10/2020,3191.76,3215.0,3135.7,3200.0,5485988.0,80.98,70.0,30.0,162.69,123.81,38.88
7/13/2020,3251.06,3344.29,3068.39,3104.0,7720550.0,71.57,70.0,30.0,162.48,131.55,30.93
7/14/2020,3089.0,3127.38,2950.0,3084.0,7232139.0,68.29,70.0,30.0,158.86,137.01,21.85
7/15/2020,3080.21,3098.35,2973.18,3008.87,5788974.0,64.93,70.0,30.0,148.23,139.25,8.98
7/16/2020,2971.06,3032.0,2918.23,2999.9,6394286.0,63.51,70.0,30.0,137.49,138.9,-1.41
7/17/2020,3009.0,3024.0,2948.45,2961.97,4716326.0,65.22,70.0,30.0,124.49,136.02,-11.53
7/20/2020,3000.2,3201.36,2994.02,3196.84,7598179.0,73.34,70.0,30.0,131.62,135.14,-3.52
7/21/2020,3232.49,3240.58,3105.72,3138.29,6135006.0,67.46,70.0,30.0,131.03,134.32,-3.29
7/22/2020,3125.0,3150.0,3065.26,3099.91,4104258.0,61.01,70.0,30.0,126.02,132.66,-6.64
7/23/2020,3098.27,3098.27,2970.0,2986.55,5656936.0,54.35,70.0,30.0,111.61,128.45,-16.84
7/24/2020,2930.0,3031.58,2888.0,3008.91,5632471.0,47.5,70.0,30.0,100.84,122.93,-22.09
7/27/2020,3062.0,3098.0,3015.77,3055.21,4170627.0,52.89,70.0,30.0,94.94,117.33,-22.39
7/28/2020,3054.27,3077.09,2995.76,3000.33,3126677.0,45.64,70.0,30.0,84.86,110.83,-25.97
7/29/2020,3030.99,3039.16,2996.77,3033.53,2974060.0,41.3,70.0,30.0,78.64,104.39,-25.75
7/30/2020,3014.0,3092.0,3005.0,3051.88,6128565.0,41.37,70.0,30.0,74.34,98.38,-24.04
7/31/2020,3244.0,3246.82,3151.0,3164.68,8093456.0,53.47,70.0,30.0,79.12,94.53,-15.41
8/3/2020,3180.51,3184.0,3104.0,3111.89,5074984.0,51.54,70.0,30.0,77.75,91.17,-13.42
8/4/2020,3101.21,3167.24,3101.21,3138.83,4697108.0,57.56,70.0,30.0,77.94,88.53,-10.59
8/5/2020,3143.77,3213.59,3127.3,3205.03,3930090.0,61.19,70.0,30.0,82.48,87.32,-4.84
8/6/2020,3194.36,3247.47,3165.43,3225.0,3940602.0,64.63,70.0,30.0,86.69,87.19,-0.5
8/7/2020,3224.01,3240.81,3140.67,3167.46,3936244.0,47.96,70.0,30.0,84.42,86.64,-2.22
8/10/2020,3170.31,3172.51,3101.52,3148.16,3167308.0,50.72,70.0,30.0,80.13,85.34,-5.21
8/11/2020,3113.2,3159.22,3073.0,3080.67,3718067.0,48.65,70.0,30.0,70.47,82.36,-11.89
8/12/2020,3108.0,3174.39,3101.42,3162.24,3527250.0,62.92,70.0,30.0,68.61,79.61,-11.0
8/13/2020,3182.99,3217.52,3155.0,3161.02,3149093.0,61.55,70.0,30.0,66.28,76.95,-10.67
8/14/2020,3178.18,3178.24,3120.0,3148.02,2751723.0,57.42,70.0,30.0,62.65,74.09,-11.44
8/17/2020,3173.12,3194.97,3154.18,3182.41,2692081.0,65.05,70.0,30.0,61.84,71.64,-9.8
8/18/2020,3212.0,3320.0,3205.82,3312.49,5346057.0,69.88,70.0,30.0,70.88,71.49,-0.61
8/19/2020,3303.01,3315.9,3256.0,3260.48,4185186.0,64.18,70.0,30.0,73.01,71.79,1.22
8/20/2020,3252.0,3312.62,3238.0,3297.37,3332480.0,60.06,70.0,30.0,76.78,72.79,3.99
8/21/2020,3295.0,3314.4,3275.39,3284.72,3579879.0,63.95,70.0,30.0,77.85,73.8,4.05
8/24/2020,3310.15,3380.32,3257.56,3307.46,4667080.0,63.71,70.0,30.0,79.62,74.97,4.65
8/25/2020,3294.99,3357.4,3267.0,3346.49,4175433.0,62.03,70.0,30.0,83.21,76.62,6.59
8/26/2020,3351.11,3451.74,3344.57,3441.85,6756799.0,66.35,70.0,30.0,92.69,79.83,12.86
8/27/2020,3450.05,3453.0,3378.0,3400.0,4264795.0,67.95,70.0,30.0,95.71,83.01,12.7
8/28/2020,3423.0,3433.37,3386.5,3401.8,2896988.0,70.13,70.0,30.0,97.14,85.83,11.31
8/31/2020,3408.99,3495.0,3405.0,3450.96,4275993.0,80.26,70.0,30.0,101.07,88.88,12.19
9/1/2020,3489.58,3513.87,3467.0,3499.12,3473674.0,79.12,70.0,30.0,106.84,92.47,14.37
9/2/2020,3547.0,3552.25,3486.68,3531.45,3931478.0,80.39,70.0,30.0,112.72,96.52,16.2
9/3/2020,3485.0,3488.41,3303.0,3368.0,8161132.0,64.47,70.0,30.0,103.0,97.82,5.18
9/4/2020,3318.0,3381.5,3111.13,3294.62,8795030.0,57.02,70.0,30.0,88.36,95.93,-7.57
9/8/2020,3144.0,3250.84,3130.0,3149.84,6098247.0,40.0,70.0,30.0,64.34,89.61,-25.27
9/9/2020,3202.99,3303.18,3185.0,3268.61,5188675.0,50.46,70.0,30.0,54.26,82.54,-28.28
9/10/2020,3307.22,3349.89,3170.55,3175.11,5332828.0,43.48,70.0,30.0,38.28,73.69,-35.41
9/11/2020,3208.69,3217.34,3083.98,3116.22,5094292.0,41.43,70.0,30.0,20.63,63.08,-42.45
9/14/2020,3172.94,3187.39,3096.0,3102.97,4531572.0,39.5,70.0,30.0,5.51,51.56,-46.05
9/15/2020,3136.16,3175.02,3108.92,3156.13,4022497.0,40.36,70.0,30.0,-2.16,40.82,-42.98
9/16/2020,3179.99,3187.24,3074.15,3078.1,4531189.0,31.26,70.0,30.0,-14.37,29.78,-44.15
9/17/2020,3009.25,3029.43,2972.55,3008.73,6458354.0,30.4,70.0,30.0,-29.3,17.96,-47.26
9/18/2020,3031.74,3037.8,2905.54,2954.91,8899312.0,28.72,70.0,30.0,-44.97,5.38,-50.35
9/21/2020,2906.5,2962.0,2871.0,2960.47,6118036.0,25.63,70.0,30.0,-56.28,-6.95,-49.33
9/22/2020,3033.84,3133.99,3000.2,3128.99,6949040.0,33.58,70.0,30.0,-51.06,-15.78,-35.28
9/23/2020,3120.43,3127.0,2992.38,2999.86,5652665.0,28.28,70.0,30.0,-56.69,-23.96,-32.73
9/24/2020,2977.79,3069.3,2965.0,3019.79,5557452.0,33.88,70.0,30.0,-58.86,-30.94,-27.92
9/25/2020,3054.86,3101.54,2999.0,3095.13,4615222.0,40.78,70.0,30.0,-53.89,-35.53,-18.36
9/28/2020,3148.85,3175.04,3117.17,3174.05,4224191.0,51.19,70.0,30.0,-43.08,-37.04,-6.04
9/29/2020,3175.39,3188.26,3132.54,3144.88,3503407.0,43.32,70.0,30.0,-36.44,-36.92,0.48
9/30/2020,3141.14,3212.88,3133.99,3148.73,4896107.0,48.42,70.0,30.0,-30.52,-35.64,5.12
10/1/2020,3208.0,3224.0,3172.0,3221.26,4972061.0,56.17,70.0,30.0,-19.75,-32.46,12.71
10/2/2020,3153.63,3195.8,3123.0,3125.0,5613113.0,51.18,70.0,30.0,-18.77,-29.72,10.95
10/5/2020,3145.84,3202.53,3140.85,3199.2,3777849.0,52.26,70.0,30.0,-11.86,-26.15,14.29
10/6/2020,3165.0,3182.0,3090.0,3099.96,5121964.0,51.12,70.0,30.0,-14.23,-23.77,9.54
10/7/2020,3135.0,3200.0,3132.39,3195.69,4309440.0,59.33,70.0,30.0,-8.29,-20.67,12.38
10/8/2020,3224.99,3233.29,3174.99,3190.55,3179115.0,62.36,70.0,30.0,-3.95,-17.33,13.38
10/9/2020,3210.0,3288.99,3197.83,3286.65,4908056.0,65.62,70.0,30.0,7.16,-12.43,19.59
10/12/2020,3349.94,3496.24,3339.55,3442.93,8365356.0,65.21,70.0,30.0,28.25,-4.3,32.55
10/13/2020,3467.99,3492.38,3424.22,3443.63,5746337.0,74.56,70.0,30.0,44.5,5.46,39.04
10/14/2020,3447.0,3464.88,3340.0,3363.71,5828916.0,67.85,70.0,30.0,50.36,14.44,35.92
10/15/2020,3292.01,3355.88,3280.0,3338.65,5223515.0,63.33,70.0,30.0,52.37,22.03,30.34
10/16/2020,3363.23,3399.66,3160.0,3272.71,6474419.0,55.48,70.0,30.0,48.09,27.24,20.85
10/19/2020,3299.61,3329.0,3192.74,3207.21,5223426.0,53.33,70.0,30.0,38.97,29.59,9.38
10/20/2020,3222.28,3266.0,3192.01,3217.01,4509794.0,53.62,70.0,30.0,32.16,30.1,2.06
10/21/2020,3212.5,3233.88,3160.0,3184.94,4601236.0,47.99,70.0,30.0,23.89,28.86,-4.97
10/22/2020,3189.87,3198.75,3121.94,3176.4,4167005.0,53.16,70.0,30.0,16.47,26.38,-9.91
10/23/2020,3191.0,3205.33,3140.0,3204.4,3466687.0,50.34,70.0,30.0,12.69,23.64,-10.95
10/26/2020,3198.74,3282.98,3153.3,3209.23,5901388.0,58.11,70.0,30.0,9.98,20.91,-10.93
10/27/2020,3224.94,3291.66,3211.3,3286.33,4353735.0,56.92,70.0,30.0,13.89,19.51,-5.62
10/28/2020,3249.3,3264.02,3162.47,3162.78,5599530.0,48.2,70.0,30.0,6.94,16.99,-10.05
10/29/2020,3201.27,3257.25,3164.0,3211.01,6596631.0,44.79,70.0,30.0,5.26,14.65,-9.39
10/30/2020,3157.75,3167.0,3019.0,3036.15,8396337.0,22.67,70.0,30.0,-10.06,9.7,-19.76
11/2/2020,3061.74,3079.7,2950.12,3004.48,7265530.0,21.67,70.0,30.0,-24.48,2.87,-27.35
11/3/2020,3018.53,3074.9,2980.98,3048.41,4902999.0,28.67,70.0,30.0,-31.99,-4.1,-27.89
11/4/2020,3159.99,3244.85,3139.73,3241.16,6839042.0,44.62,70.0,30.0,-22.14,-7.71,-14.43
11/5/2020,3319.97,3366.8,3288.88,3322.0,5789287.0,52.67,70.0,30.0,-7.71,-7.71,0.0
11/6/2020,3304.64,3322.0,3232.0,3311.37,4647931.0,56.01,70.0,30.0,2.82,-5.6,8.42
11/9/2020,3231.03,3289.0,3112.11,3143.74,7190416.0,46.42,70.0,30.0,-2.32,-4.95,2.63
11/10/2020,3095.02,3114.0,3019.48,3035.02,6590958.0,43.19,70.0,30.0,-15.0,-6.96,-8.04
11/11/2020,3061.78,3139.14,3050.0,3137.39,4358567.0,48.37,70.0,30.0,-16.6,-8.89,-7.71
11/12/2020,3159.95,3175.88,3086.05,3110.28,4371253.0,46.06,70.0,30.0,-19.82,-11.07,-8.75
11/13/2020,3122.0,3141.72,3085.39,3128.81,3762588.0,46.67,70.0,30.0,-20.64,-12.99,-7.65
11/16/2020,3093.2,3142.7,3072.68,3131.06,3808721.0,43.15,70.0,30.0,-20.87,-14.56,-6.31
11/17/2020,3183.54,3189.25,3135.26,3135.66,3445140.0,48.66,70.0,30.0,-20.45,-15.74,-4.71
11/18/2020,3134.0,3140.0,3105.1,3105.46,2916885.0,44.7,70.0,30.0,-22.29,-17.05,-5.24
11/19/2020,3105.31,3125.0,3080.92,3117.02,3010270.0,54.86,70.0,30.0,-22.56,-18.15,-4.41
11/20/2020,3117.02,3132.89,3098.05,3099.4,3373936.0,55.8,70.0,30.0,-23.92,-19.31,-4.61
11/23/2020,3116.7,3139.74,3065.46,3098.39,4709898.0,53.22,70.0,30.0,-24.79,-20.4,-4.39
11/24/2020,3100.5,3134.25,3086.26,3118.06,3602157.0,39.79,70.0,30.0,-23.62,-21.05,-2.57
11/25/2020,3141.87,3198.0,3140.26,3185.07,3796406.0,38.37,70.0,30.0,-17.09,-20.25,3.16
11/27/2020,3211.26,3216.19,3190.05,3195.34,2392933.0,40.14,70.0,30.0,-10.96,-18.4,7.44
11/30/2020,3208.48,3228.39,3125.55,3168.04,4063916.0,52.71,70.0,30.0,-8.21,-16.36,8.15
12/1/2020,3188.5,3248.95,3157.18,3220.08,4545959.0,73.63,70.0,30.0,-1.81,-13.45,11.64
12/2/2020,3221.65,3232.0,3173.26,3203.53,3129683.0,60.82,70.0,30.0,1.9,-10.38,12.28
12/3/2020,3205.46,3228.64,3181.31,3186.73,2893481.0,62.94,70.0,30.0,3.45,-7.61,11.06
12/4/2020,3198.21,3198.21,3158.76,3162.58,3001038.0,55.61,70.0,30.0,2.7,-5.55,8.25
12/7/2020,3156.48,3180.76,3141.69,3158.0,2755329.0,54.44,70.0,30.0,1.71,-4.1,5.81
12/8/2020,3158.9,3184.13,3120.02,3177.29,3286317.0,56.54,70.0,30.0,2.46,-2.79,5.25
12/9/2020,3167.89,3174.43,3088.0,3104.2,4106077.0,49.83,70.0,30.0,-2.81,-2.79,-0.02
12/10/2020,3088.99,3142.1,3076.0,3101.49,3030250.0,47.79,70.0,30.0,-7.13,-3.66,-3.47
12/11/2020,3096.66,3118.67,3072.82,3116.42,3083095.0,52.44,70.0,30.0,-9.24,-4.78,-4.46
12/14/2020,3143.0,3190.47,3126.0,3156.97,4155809.0,57.53,70.0,30.0,-7.55,-5.33,-2.22
12/15/2020,3181.01,3188.5,3130.49,3165.12,3323860.0,56.23,70.0,30.0,-5.49,-5.36,-0.13
12/16/2020,3176.01,3247.0,3163.68,3240.96,4430560.0,57.23,70.0,30.0,2.23,-3.84,6.07
12/17/2020,3250.0,3263.51,3221.0,3236.08,3474357.0,55.35,70.0,30.0,7.87,-1.5,9.37
12/18/2020,3243.99,3249.42,3171.6,3201.65,5995731.0,54.33,70.0,30.0,9.45,0.69,8.76
12/21/2020,3200.01,3226.97,3166.0,3206.18,3836957.0,47.96,70.0,30.0,10.94,2.74,8.2
12/22/2020,3202.84,3222.0,3180.08,3206.52,2381793.0,50.46,70.0,30.0,12.01,4.59,7.42
12/23/2020,3205.0,3210.13,3184.17,3185.27,2093789.0,49.78,70.0,30.0,11.02,5.88,5.14
12/24/2020,3193.9,3202.0,3169.0,3172.69,1451917.0,51.59,70.0,30.0,9.12,6.53,2.59
12/28/2020,3194.0,3304.0,3172.69,3283.96,5687099.0,64.86,70.0,30.0,16.39,8.5,7.89
12/29/2020,3309.94,3350.65,3281.22,3322.0,4882936.0,66.35,70.0,30.0,24.94,11.79,13.15
12/30/2020,3341.0,3342.1,3282.47,3285.85,3125519.0,72.39,70.0,30.0,28.47,15.13,13.34
12/31/2020,3275.0,3282.92,3241.2,3256.93,2957235.0,68.0,70.0,30.0,28.61,17.82,10.79